Serviertisch	4
Schrank	4
Lehnsessel	4
Bücherregal,	3
Bücherregal.	3
Hängelampe	3
Leinenschrank	3
Fenstersimses	3
Lehnstuhl	3
Korbstuhl	3
Wohnzimmern	3
Waschschüssel	2
Waschzimmer	2
Parkbank	2
Spitalbett	2
Bücherregal	2
Schreibtischstuhl	2
Diwantisch	2
Seitentisch	2
Stubenfenster	2
Zimmerfenster	2
Fensterchen	2
Nachtlampe	2
Wandlampe	2
Dielen	2
Sofa	2
Chaiselongue	2
Klappstühlchen	2
Holzbank	2
Seiteneingang	2
Vorhalle	2
Eßtisch	2
Dielenfenster	2
Fensterbrette	2
Fensterbrett	2
Fensterbrettes	2
Fenstersims	2
Fenstersims,	2
Fenstersimse	2
Fenstersimse,	2
Fenstersims;	2
Kaminofen	2
Kanapee,	2
Kanape	2
Sofa,	2
Klappsessel	2
Schaukelstuhl	2
Schaukelstuhl,	2
Rohrsessel	2
Kleiderschrank,	2
Wäschschrank	2
Bettschrank	2
Nachttischlampe	2
Polstersessel	2
Polsterschemel	2
Sessel	2
Wandschrank	2
Schränkchen	2
Armsessel	2
Stuhl,	2
Stuhle	2
Laubteppich	2
Bodenteppich	2
Samtteppich	2
Filzteppich	2
Waschkammer	2
Waschküche,	2
Waschzimmer,	2
Wäschezimmer	2
Nähzimmer	2
Speisezimmer	2
Wohnzimmer,	2
Eßzimmer	2
Wohnzimmerchen	2
Kaminzimmer	2
Schlafzimmer	2
Wohnzimmer	2
Abe,	1
Rouch	1
Namittag	1
Abedsyte	1
Zmittag	1
binenangere	1
Samschtig	1
Samschtizobe	1
hingerenangere	1
Sterr	1
Aborte	1
Abort,	1
Aborts	1
Aborte,	1
Abortes	1
Abort.	1
Holzkeller	1
Klosett	1
Aborten	1
Abortfrau	1
Abstellraum	1
Abstellraum,	1
Rollkammer	1
Stallkammer	1
Mehlkammer	1
Pfandkammer	1
Wiegkammer	1
Küchenkammer	1
Speisekammerschlüssel	1
Kofferkammer	1
Arbeitszimmern	1
Arbeitszimmer,	1
Arbeitszimmer;	1
Privatarbeitszimmer	1
Arbeitszimmer:	1
Arbeitszimmer.	1
Arbeitszimmers	1
Arbeitszimmer!	1
Arbeitszimmer?	1
Schreibzimmer	1
Attikas	1
Attika,	1
Sparta	1
Attika;	1
Attikas,	1
Kreta	1
Peloponnesus	1
Attika.	1
Böotien	1
Heraklea	1
Bad,	1
Bade	1
Brunnenkur	1
Fußwasser	1
Dampfbad	1
Morgenbad	1
Bad.	1
Badesalz	1
Stillwasser	1
Annenbad	1
Badewanne,	1
Badewanne;	1
Badewannen	1
Badewanne.	1
Badewanne.«	1
Badewanne!	1
Badewannen,	1
Wanne	1
Gummibadewanne	1
Badezimmer,	1
Badezimmern	1
Badezimmer;	1
Badezimmern,	1
Badezimmer.	1
Badezimmers	1
Badezimmer.«	1
Badezimmertür	1
Badezimmers,	1
Balkon,	1
Balkonfenster	1
Balkonplatz	1
Balkonfenster,	1
Balkons	1
Balkonloge	1
Altan	1
Altane	1
Balkonwand	1
Terrasse	1
Bank,	1
Rentenbank	1
Ladenbank	1
Sodenbank	1
Ewbank	1
Gartenbank	1
Bodenbank	1
Bank.	1
Armenbank	1
Schalterdienst	1
Gesindetisch	1
Kammerrichter	1
Kanzleitisch	1
Verwalterstelle	1
Unterverwalter	1
Oberhofrichter	1
Treuhändern	1
Kammerrichter,	1
Oberschenken	1
Bett,	1
Bette	1
Bette,	1
Bett.	1
Bett;	1
Rollbett	1
Gastbett	1
Rollbette	1
Gastbette	1
Bettes,	1
Fußende	1
Kopfende	1
Ruhebettes	1
Bettes.	1
Bettvorhanges	1
Gastbettes	1
Bettes;	1
Ruhebettes,	1
Sessels	1
Büchergestell,	1
Büchergestelle	1
Büchergestells	1
Büchergestell.	1
Büchergestelle,	1
Büchergestellen	1
Büchergestellen,	1
Bücherregale	1
Bücherregals	1
Bücherregalen	1
Bücherregale,	1
Bücherregalen,	1
Bücherregale.	1
Bücherregalen.	1
Bücherrepositorien	1
Büro,	1
Bürozimmer	1
Bureau	1
Privatkontor	1
Privatbüro	1
Büro.	1
Redaktionsbüro	1
Geschäftsbureau	1
Privattelephon	1
Geschäftsbüro	1
Kontorstuhl	1
Bureaustuhl	1
Kontorsessel	1
Kontorstuhl,	1
Barstuhl	1
Arbeitsstuhl	1
Amtssessel	1
Langstuhl	1
Kontorschemel	1
Farotisch	1
Vorstandstisch	1
Pharotisch	1
(typisch	1
Vorstandstisch,	1
Schaltertisch	1
schematisch	1
Büromensch	1
Büromenschen	1
Colonello-tenente	1
Lounge	1
verpagglete	1
Chaisli	1
Stroudecher	1
Strouburdi	1
Griends	1
Houen	1
Gutschner	1
dürschnouset	1
cheminée	1
cheminées	1
Chemin	1
cheminée,	1
Lumière	1
Salpétrière	1
vienne	1
d'anneaux	1
chemin	1
régulière	1
Couch,	1
Couche	1
Couch.	1
Coucher	1
Couchette	1
Liegestuhl	1
Couchon	1
Hotelbett	1
Couchette,	1
Chaiselongues	1
Marmortischchen	1
Marmortisch	1
Anrichtetisch	1
Mitteltisch	1
Schachtischchen	1
Rauchtischchen	1
Marmortischchen,	1
Anrichtetisch,	1
Dachfenster,	1
Dachfenstern	1
Dachfensterchen	1
Dachfensters	1
Dachfenster.	1
Dachfenstern,	1
Küchenfenster	1
Dachgeschoß	1
Dachgeschoß,	1
Dachgeschosses	1
Dachgeschoß.	1
Brandgeschosse	1
Kellergeschossen	1
Sprenggeschoß	1
hinaufgeschossen	1
geschosse	1
zugeschossen	1
Dachterrasse,	1
Dachterrassen	1
Dachterrasse.	1
Turmterrasse	1
Mauerterrasse	1
Uferterrasse	1
Strandterrasse	1
Gartenterrassen	1
Bergterrasse	1
Hauptterrasse	1
Decke,	1
Zimmerdecke	1
Holzdecke	1
Balkendecke	1
Stubendecke	1
Zimmerdecke,	1
Friesdecke	1
Deckenbalken	1
Glasdecke	1
Kristalldecke	1
Deckenlampe,	1
Deckenlampe.	1
Deckenlampen	1
Deckenlampen.	1
Küchenlampe	1
Treppenlampe	1
Flurlampe	1
Diele,	1
Hausdiele	1
Dielen,	1
Steinfliese	1
Diele.	1
Zimmerboden	1
Dielentür	1
Hausdiele,	1
Dielenbretter	1
Diwan,	1
Diwans	1
Diwan;	1
Diwan:	1
Diwan.	1
Divan	1
Ottomane	1
Diwankissen	1
Rohrschemel	1
Wandbank	1
Sitzbank	1
Brettstuhl	1
Schlickbank	1
Wandsockel	1
Kaminbank	1
Stahlschrank	1
Stahlschrank,	1
Rollschrank	1
Stahlschrank.	1
Panzerschrank	1
Lederbezug	1
Sicherheitsschrank	1
Kühlschrank	1
Spiegelschrank	1
Eingange	1
Haupteingang	1
Eingang,	1
Grotteneingang	1
Steingang	1
Haupteingange	1
Haupteingang,	1
Eingange,	1
Haupteingange,	1
Eingangshalle,	1
Eingangshalle.	1
Eingangshallen	1
Empfangshalle	1
Empfangshalle,	1
Empfangshalle.	1
Eingangsraum	1
Vorhalle,	1
Treppenhalle	1
Erdgeschoss,	1
Erdgeschoß	1
Erdgeschoß,	1
Erdgeschosse	1
Erdgeschoß;	1
Erdgeschosse,	1
Erdgeschoßzimmer	1
Erdgeschosses	1
Erdgeschosse.	1
Erdgeschoß.	1
Nippestisch	1
Leutetisch	1
Ladetisch	1
Kinderstubentisch	1
Kaffeehaustisch	1
Tannentisch	1
Vatertisch	1
Krankentisch	1
Estrich,	1
Estrichboden	1
Estrichs	1
Estrichen	1
Fliesen	1
Estrich.	1
Estrich;	1
Fliesen,	1
Steinboden	1
Fenster,	1
Fenstertüre	1
Flurfenster	1
Gitterfenster	1
Türfenster	1
Fenstertür	1
Nebenfenster	1
Fensterbank,	1
Fensterbank;	1
Fensterbrett,	1
Fensterbrette,	1
Fensterbank.	1
Fensterbret	1
Fensterladen,	1
Fensterlade	1
Fensterladens	1
Fensterladen.	1
Fensterladen;	1
Fensterladen:	1
Fensterladens,	1
Fensterläden	1
Fensterriegel,	1
Fensterriegel	1
Fenstersims.	1
Fensterbrettchen	1
Flur,	1
Flure	1
Vorplatz	1
Flur.	1
Hausflur	1
Flurraum	1
Flurgang	1
Flursaal	1
Vorflur	1
Hausflur,	1
Fussboden,	1
Fussbodens	1
Fussboden.	1
Fussböden	1
Fußboden	1
Sußboden	1
Lehmfußboden	1
Lößboden	1
Fliesenboden	1
Steinfußboden	1
Gange	1
Gang,	1
Zwischengang	1
Außengang	1
Gange,	1
Schrittgang	1
Schritt,	1
Nebengang	1
Schritt	1
Schlenderschritt	1
Garderobe,	1
Garderobe-	1
Maskengarderobe	1
Damengarderobe	1
Garderobe«	1
Garderobe;	1
Flurgarderobe	1
Theatergarderobe	1
Garderoben	1
Garderobe:	1
Geländer,	1
Eisengeländer	1
Treppengeländer	1
Balkongeländer	1
Geländerpfosten	1
Verandageländer	1
Holzgeländer	1
Brüstung	1
Treppengeländern	1
Stiegengeländer	1
Gesimse	1
Gesimses	1
Gesims,	1
Gesimse,	1
Fenstergesims	1
Fenstergesimse,	1
Fenstergesimse	1
Gesimses,	1
Steingesims	1
Gestell,	1
Gestelle	1
Gestells	1
Holzgestell	1
Gestell;	1
Gestelle,	1
Holzgestell,	1
Bettgestell	1
Gestell.	1
Brettergestell	1
Heizung,	1
Beheizung	1
Gasheizung	1
Heizungen	1
Zentralheizung	1
Dampfheizung	1
Heizungsröhren	1
Luftheizung	1
Warmwasserheizung	1
Zentralheizung,	1
Herd,	1
Herdstatt	1
Feuerherd	1
Herd.	1
Herdes	1
Herdfeuer	1
Herdstube	1
Herdstein	1
Herdkessel	1
Feuerherd,	1
Hintereingang.	1
Theatereingang	1
Hinterausgang	1
Hinterausgang,	1
Nebeneingang	1
Vordereingang	1
eingang	1
Parkeingang	1
Morgenausgang	1
Hinterhof,	1
Hinterhofe	1
Hinterhofs	1
Hinterhof;	1
Hinterhäuschen	1
Hinterhofes	1
Hinterhofe,	1
Hinterhof.	1
Hinterhofe.	1
Hinterhaus	1
Hocker,	1
Hockern	1
Hocker.	1
Hockers	1
Hocke	1
Hockerchen	1
Brettertisch	1
Hockerei	1
Brettertisch,	1
Ledersessel,	1
Kachelofen,	1
Kachelofens	1
Kachelofen.	1
Kachelofen;	1
Kachelofens,	1
Kachelofens.	1
Kachelofen.«	1
Ofen	1
Ofen,	1
Kamin,	1
Kamins	1
Kamine	1
Kaminofen,	1
Kaminecke	1
Kaminbrett	1
Kamin;	1
Kamin.	1
Kaminrost	1
Kammer,	1
Schlafkammer	1
Sterbekammer	1
Magdkammer	1
Schlafkammer,	1
Bettkammer	1
Stubenkammer	1
Unterstube	1
Bettkammer,	1
Schließerstübchen	1
Kammern,	1
Vorkammern	1
Geheimkammern	1
Steinkammern	1
kammern	1
Wasserkammern	1
Bodenkammern	1
Wohnkammern	1
Holzkammern	1
Arbeitskammern	1
Kanapee;	1
Kanapees	1
Canapee	1
Fauteuil;	1
Sopha	1
Kinderzimmer,	1
Kinderzimmern	1
Kinderzimmer;	1
Kinderzimmer:	1
Kinderzimmer.	1
Kinderzimmers	1
Kinderzimmer!	1
Mädchenzimmer	1
Kinderzimmer.«	1
Kinderzimmers,	1
Klappstuhl,	1
Klappstuhle	1
Klappstuhl.	1
Rohrstuhl	1
Kleiderschrank;	1
Kleiderschranks	1
Kleiderschrank.	1
Kleiderschrank!	1
Kleiderschranke	1
Kleiderschrankes	1
Kleiderschrank.«	1
Wäscheschrank	1
Komode,	1
komode	1
Hutmode	1
Commode	1
Cretonne	1
Barche	1
Maroquinleder	1
Hofmode	1
Mahagonikommode	1
Maroquinleder,	1
Kronleuchter,	1
Kronleuchtern	1
Kronleuchter;	1
Kronleuchter.	1
Kronleuchtern,	1
Kronleuchters	1
Kristallkronleuchter	1
Kronleuchtern.	1
Kronleuchter!	1
Messingkronleuchter	1
Küchenfenster,	1
Küchenfenstern	1
Küchenfenster.	1
Küchenfensters	1
Küchenfenstern,	1
Stubenfenster,	1
Dielenfenster,	1
Küchenfenster.«	1
Küchenschrank,	1
Küchenschrank.	1
Küchenschrank!	1
Küchenschranke	1
Küchenschrankes	1
Speiseschrank	1
Küchentisch,	1
Küchentische	1
Küchentisch.	1
Ofentisch	1
Holztisch	1
Tassenbrett	1
Anrichttisch	1
Holztischchen	1
Lampe,	1
Kerze	1
Gaslampe	1
Bettlampe	1
Notlampe	1
Petrollampe	1
Talglampe	1
Lavaboden	1
Blech-Lavabo	1
Lavaboden,	1
Lavablock	1
Lava	1
Lava;	1
Lavasees	1
Lavabrocken	1
Lava)	1
Laveno	1
Leiter,	1
Bodenleiter	1
Bankleiter	1
Dachleiter	1
Trittleiter	1
Eisenleiter	1
Trittleiter,	1
leiter	1
Ehrenleiter	1
Sprossenleiter	1
Leuchte,	1
Leucht	1
Licht	1
Erleuchtete	1
leuchte	1
Licht,	1
Leuchtende	1
Leuchtete	1
Erleuchte	1
erleuchte	1
Liegestuhl,	1
Wiegestuhl	1
Liegestuhl.	1
Liegestuhls	1
Liegestuhles	1
Liegestuhle.	1
Liegesofa	1
Korbsessel	1
Mansarde,	1
Mansardenkammer	1
Mansarden	1
Mansard	1
Mansardenzimmer	1
Mansardenwohnung	1
Mansardenkammer,	1
Mansardenstube	1
Dachkammer	1
Mansardenzimmern	1
Nachttischchen	1
Nachttisch,	1
Nachttischchen,	1
Nachttischs	1
Nachttischlade	1
Nachttischchens	1
Nachttischchen.	1
Nachttischlein	1
Nachttische	1
Nähtischchen	1
Nähtischchen,	1
Nähtisch,	1
Nähtischchens	1
Nähtischchen.	1
Arbeitstischchen	1
Nähtisch;	1
Stickrahmen	1
Arbeitstischchen,	1
Nähtische	1
Ofenbank,	1
Ofenbank;	1
Ofenbank.	1
Ofenecke	1
Küchenbank	1
Herdbank	1
Hausbank	1
Sofaecke	1
Strohsacke	1
Ohrensessel,	1
Ohrenstuhl	1
Ohrenlehnstuhl	1
Sorgensessel	1
Ohrenstuhl,	1
Schlafsessel	1
Backensessel	1
Ehrensessel	1
Parterre,	1
»Parterre	1
Parterres	1
Parterre;	1
Parterr	1
Stehparterre	1
Parterren	1
Parterresaal	1
Parterre.	1
Parterres,	1
Piano,	1
Fortepiano	1
Pianino	1
Klaviertrio	1
Fortepiano,	1
Pianola,	1
Pianola	1
Pianoforte	1
Piano;	1
Pianoforte,	1
Polsterstuhl,	1
Polsterstuhle	1
Polsterstuhle,	1
Polsterstuhl.	1
Polsterbank	1
Polstersesseln	1
Polstersessel,	1
Portale	1
Portal,	1
Hauptportal	1
Hauptportal,	1
Hauptportale	1
Hauptportals	1
Schloßportal	1
Portals	1
Eingangsthor	1
Hauptportale,	1
Pritsche,	1
Pritsche.	1
Pritschen	1
Pritsche;	1
Pritschek	1
Pritschen,	1
Pritsche:	1
Holzpritsche	1
Schlafpritsche	1
Holzpritsche,	1
Pult,	1
Pulte	1
Schreibpult	1
Schreibpult,	1
Stehpult	1
Aktenheft	1
Schreibpult.	1
Pulte,	1
Schreibtischstuhl,	1
Stehpult,	1
Quatremère	1
Traduit	1
cuisinier	1
féerique	1
Quatremère,	1
Acipenser	1
aurez	1
cellule	1
Océan	1
volcanique	1
Regal,	1
Regal.	1
Regals	1
Regale	1
Regal;	1
Wandbrett	1
Regalen	1
Saale,	1
Saal	1
Bankettsaale	1
Nebensaale	1
Speisesaale	1
Palassaale	1
Männersaale	1
Festsaale	1
Rittersaale	1
Theatersaale	1
Sälen,	1
Säle	1
Festsälen	1
Vorsälen	1
Räumen	1
Empfangssälen	1
Korridoren,	1
Korridoren	1
Vorsälen,	1
Prunksälen	1
Salon,	1
Salons	1
Salonton	1
Empfangssalon	1
Salon.	1
Speisesaal	1
Toilettenzimmer	1
Empfangszimmer	1
Salone	1
Teesalon	1
Schaukelstuhle	1
Schaukelstuhle,	1
Schaukelstuhls	1
Schaukelstuhl.	1
Schaukelstuhles	1
Schaukelstuhls,	1
Klappstuhl	1
Schemel,	1
Schemels	1
Schemelchen	1
Schemel.	1
Holzschemel	1
Schemel;	1
Schemel:	1
Fußschemel	1
Schrank,	1
Kleiderschrank	1
Küchenschrank	1
Tassenschrank	1
Schreibtischchen	1
Schreibtisch,	1
Schreibtische	1
Schreibtischs	1
Schreibtischfach	1
Schreibtischchen,	1
Schreibtischlein	1
Schreibtischchen.	1
Schreibtischlade	1
Schüttstein,	1
Schüttstein.	1
Schütts	1
Schüttkasten	1
Schüttboden	1
Flintstein	1
Glättstein	1
Schüttchen	1
Schuttstein	1
Hattstein	1
Schwelle,	1
Schwelle.	1
Haustürschwelle	1
Pforte	1
Thürschwelle	1
Schwelle;	1
Türschwelle	1
Zimmerschwelle	1
Schwelle‹	1
Haustürschwelle,	1
»Sekretär	1
(Sekretär	1
Kabinettsekretär	1
Privatsekretär	1
Sekretär,	1
Sekretär)	1
Kardinalsekretär	1
Kabinettssekretär	1
Finanzsekretär	1
Hofsekretär	1
Sessel,	1
Stuhl	1
Armsessel,	1
Ledersessel	1
Lehnsessel,	1
Mauersims	1
Gesims	1
Wandgesims	1
Simse	1
Kanapee	1
Sofa;	1
Chaiselonguekissen	1
Chaiselongue;	1
Chaiselongue:	1
Nadelteppich	1
Bodenteppich,	1
Laufteppich	1
Wollteppich	1
Sammetteppich	1
Seidenteppich	1
Spiegel,	1
Stellspiegel	1
Schrankspiegel	1
Spiegel.	1
Spiegelglas	1
Kristallspiegel	1
Spiegels	1
Schrankspiegel,	1
Spiegelstein	1
Spiegelmann	1
Abflußbecken	1
Spülbecken	1
Flußbecken	1
Talbecken	1
Muschelbecken	1
Grundwasserspiegel	1
Nilbecken	1
Quellbecken	1
Seebecken	1
Kanalwassers	1
Standuhr,	1
Wanduhr	1
Standuhr.	1
Wanduhr,	1
Stutzuhr	1
Kastenuhr	1
Dielenuhr	1
Hausuhr	1
Wanduhr;	1
Standuhren	1
Stege,	1
Steg	1
Fußstege	1
Brückenstege	1
Stegel	1
Steg,	1
Stege.	1
Brückensteg,	1
Stege;	1
Fußsteige,	1
Stehlampe,	1
Stehlampe.	1
Schirmlampe	1
Stehlampen	1
Tischlampe	1
Glühlampe	1
Hängelampe.	1
Petroleumlampe	1
Hängelampe,	1
Stiegen,	1
Stiege	1
Treppen	1
Treppenstiegen	1
Stiegen.	1
Kellertreppen	1
Stiege,	1
Stiegensteigen	1
Stiegensteigen,	1
Stiegenflur	1
Dackbett	1
Strohsack	1
Bettfuß	1
Strohsacke;	1
Streckbett	1
Unterbett	1
Lotterbett,	1
Bettfrau	1
Bett	1
Stockwerk,	1
Stockwerks	1
Stockwerk:	1
Stockwerke	1
Stockwert	1
Etage	1
Stockwerk;	1
Stockwerkes	1
Stockwerks;	1
Stockwerkes,	1
Armstuhl	1
Stuhl.	1
Stuhlbrett	1
Stuhle,	1
Tafel,	1
Speisetafel	1
Gasttafel	1
Speisetafel,	1
Mittagstafel	1
Mittagtafel	1
Abendtafel	1
Frühstückstafel	1
Kußtafel	1
Hoftafel	1
Teppich,	1
Bettteppich	1
Strohteppich	1
Betteppich	1
Flurteppich	1
Fußteppich	1
Terrasse,	1
Gartenterrasse	1
Caféterrasse	1
Gartenterrasse,	1
Terrasse;	1
Säulenterrasse	1
Terrassentreppe	1
Schloßterrasse	1
Rosenterrasse	1
Marmorterrasse	1
Theke,	1
Schanktisch	1
Tonbank	1
Ladentisch	1
Bierkanne	1
Schnapsgläsern	1
Schnapsgläser	1
Kaffeetäßchen	1
Büfett	1
Throne	1
Kaiserthrone	1
Thron,	1
Kaiserthron	1
Königsthron	1
Kaiserthron,	1
Kaiserthrones	1
Kaiserthrone,	1
Thrond	1
Fürstenthron	1
Tische	1
Tisch,	1
Kartentisch	1
Tischeck	1
Zeichentisch	1
Tische,	1
Tischchen	1
Küchentisch	1
Tischdecke,	1
Tischdecken	1
Plüschdecke	1
Tischdecke.	1
Tischdecken,	1
Wachstuchdecke	1
Plüschdecke,	1
Tischdeckens	1
Serviettchen	1
Kaffeedecke	1
Tischlampe,	1
Tischlampe.	1
Blechlampe	1
Tischlampen	1
Schreibtischlampe	1
Blechlampe,	1
schlampe	1
Stehlampe	1
Schreibtischlampe,	1
Toilette,	1
Morgentoilette	1
Nachttoilette	1
»Toilette	1
Besuchstoilette	1
Nachttoilette,	1
Dinertoilette	1
Morgentoilette,	1
Reisetoilette	1
Hoftoilette	1
Tor	1
Tore,	1
Stadttore	1
Stadttor	1
Schloßpforten	1
Thore	1
Stadttor,	1
Stadttors	1
Stadttore,	1
Burgtore	1
Türtreppe	1
Bodentreppe	1
Treppe,	1
Galerietreppe	1
Außentreppe	1
Flurtreppe	1
Vortreppe	1
Thürtreppe	1
Turmtreppe	1
Gartentreppe	1
Tresen	1
Tresa	1
Molle	1
Villadsen	1
Grienberger	1
Treso	1
Markuse	1
Baugrete	1
Bargenhusen	1
Molle,	1
Truhe,	1
Truhe.	1
Kassette;	1
Geldkassette,	1
Schatulle	1
Geldkassette	1
Silberkammer	1
Kommode	1
Türe	1
Tür,	1
Außentür	1
Haustür	1
Zimmertüre	1
Wohnungstüre	1
Türe,	1
Korridortüre	1
Vorzimmertür	1
Treppentür	1
Türklinke,	1
Türklinke;	1
Türklinke.	1
Türklinke:	1
Türklinken	1
Klinke	1
Türklinken,	1
Torklinke	1
Thürklinke	1
Thürklinken	1
Türrahmen,	1
Türrahmens	1
Türrahmen.	1
Thürrahmen	1
Thürrahmen,	1
Türrahmen;	1
Türöffnung	1
Thürrahmen.	1
Fensterpfosten	1
Ateliertür	1
Vorhof,	1
Vorhofe	1
Vorhofes	1
Vorhofs	1
Vorhöfe	1
Vorhof;	1
Vorhof:	1
Tempelsaal	1
Tempelvorhof	1
Vorratskammer,	1
Vorratskammern	1
Vorratskammer;	1
Vorratskammer.	1
Vorratskammern,	1
Vorratskammern.	1
Vorratskammer.«	1
Vorratskasten	1
Vorratsschrank	1
Speisekammer	1
Wand,	1
Fensterwand	1
Tapetenwand	1
Nischenwand	1
Schrankwand	1
Fensterwand,	1
Bretterwand	1
Seitenwand	1
Fensterpfeiler	1
Lattenwand	1
Wandschrank,	1
Wandschrank;	1
Wandschranks	1
Wandschrank.	1
Wandschranks,	1
Wandschränkchen	1
Wandschranke	1
Wandschrank.«	1
Waschbecken,	1
Waschbeckens	1
Waschbecken.	1
Waschbecken;	1
Waschbeckens,	1
Waschgefäß	1
Fischbecken	1
Waschschüssel,	1
Waschschüsseln	1
Milchkeller	1
Waschküche	1
Milchkeller,	1
Waschkessel	1
Milchkeller.	1
Waschküche.	1
Waschkübel	1
Waschküchen	1
Waschraum	1
Waschkeller	1
Waschraum,	1
Waschhaus	1
Waschplatz	1
Wachzimmer	1
Besuchzimmer	1
Wachzimmer,	1
Privatwohnzimmer	1
Arztzimmer	1
Malzimmer	1
Csikós	1
Putzpomade	1
Krinolin	1
Wachspomade	1
–Zu	1
neunzinkige	1
!–	1
Stärkekleister	1
Kinodiva	1
Purpurwolle	1
Winde,	1
Wind	1
Winden	1
Sonnenwinde	1
Morgenwinde	1
Westwinde	1
Wind,	1
Windes	1
Nachtwinde	1
Gegenwinde	1
Wohnung,	1
Hotelwohnung	1
Stadtwohnung	1
Arztwohnung	1
Elternwohnung	1
Portierswohnung	1
Privatwohnung	1
Behausung	1
Gastwohnung	1
Vorstadtwohnung	1
Wohnzimmer;	1
Lernzimmer	1
Eßzimmertisch	1
Diwanzimmer	1
Fenstertischchen	1
Wohnzimmerchen,	1
Zelle,	1
Gefängniskammer	1
Zelle.	1
Gefängnisraum	1
Totenkammer	1
Gefängnisraum,	1
Gefängniszelle	1
Schlafzelle	1
Gefängniszelle,	1
Kerkerzelle	1
Zimmer,	1
Mietzimmer	1
schlafzimmer	1
Mietszimmer	1
Portierzimmer	1
Schlafzimmer,	1
Kleiderzimmer	1
Arbeitszimmer	1
Zimmern,	1
Schlafzimmern	1
Schlafzimmern,	1
Fremdenzimmern,	1
Fremdenzimmern	1
Gemächern	1
Zimmerräume	1
Schlafgemächern	1
Wohnzimmern,	1
